year_month,P,D,E,CAPE,EP_trailing_pct,PE_trailing,CAPE_yield_pct,real_yield_pct,DFII10_n_days,nominal_yield_pct,DGS10_n_days,breakeven_inflation_pct,premium_trailing_pct,premium_cape_pct
2003-01,895.84,16.119999999999997,28.5,22.89834857661322,3.1813716735131274,31.43298245614035,4.367127160520782,2.2942857142857145,21,4.048571428571428,21,1.7542857142857136,0.887085959227413,2.072841446235068
2003-02,837.03,16.169999999999998,29.41,21.21410212341529,3.513613610025925,28.46072764365862,4.713845507966323,1.9900000000000002,19,3.9026315789473687,19,1.9126315789473685,1.523613610025925,2.723845507966323
2003-03,846.63,16.22,30.32,21.309719026990994,3.5812574560315604,27.923153034300793,4.692694440191328,1.9442857142857142,21,3.8071428571428574,21,1.8628571428571432,1.6369717417458463,2.7484087259056142
2003-04,890.03,16.203333333333333,31.73,22.427939577730907,3.565048369156096,28.05011030570438,4.45872433593016,2.183809523809524,21,3.958571428571428,21,1.7747619047619043,1.381238845346572,2.2749148121206364
2003-05,935.96,16.186666666666667,33.13999999999999,23.59108045348149,3.54074960468396,28.242607121303568,4.238890210950146,1.908095238095238,21,3.5690476190476192,21,1.6609523809523812,1.632654366588722,2.3307949728549078
2003-06,988.0,16.17,34.55,24.832223259531073,3.4969635627530358,28.596237337192477,4.027025649490249,1.7219047619047618,21,3.334285714285714,21,1.6123809523809522,1.775058800848274,2.3051208875854874
2003-07,992.54,16.310000000000002,35.89333333333333,24.867329101268798,3.6163110134939984,27.652488855869244,4.02134059483283,2.1095454545454544,22,3.975454545454546,22,1.8659090909090916,1.506765558948544,1.9117951402873752
2003-08,989.53,16.450000000000003,37.236666666666665,24.64225140993218,3.763065967344766,26.574075731805568,4.058070763765299,2.32047619047619,21,4.4452380952380945,21,2.1247619047619044,1.442589776868576,1.7375945732891087
2003-09,1019.44,16.59,38.58,25.243686752606273,3.784430667817625,26.424053913945052,3.961386503485888,2.1861904761904762,21,4.274285714285715,21,2.0880952380952387,1.598240191627149,1.775196027295412
2003-10,1038.73,16.85666666666667,41.96666666666667,25.682756070579703,4.040190103941031,24.751310563939633,3.893663114861443,2.076363636363636,22,4.290454545454545,22,2.214090909090909,1.9638264675773947,1.817299478497807
2003-11,1049.9,17.123333333333335,45.35333333333333,25.946798218420135,4.319776486649522,23.149345876819055,3.8540400691522727,1.963888888888889,18,4.300000000000001,18,2.3361111111111117,2.3558875977606326,1.8901511802633837
2003-12,1080.64,17.39,48.74,26.635170511081547,4.510290198400948,22.171522363561756,3.7544343843563928,1.9836363636363636,22,4.267727272727273,22,2.284090909090909,2.526653834764584,1.7707980207200291
2004-01,1132.52,17.6,49.826666666666675,27.658540355736587,4.399627968306668,22.729194541075724,3.6155197893246473,1.8875,20,4.1505,20,2.263,2.512127968306668,1.7280197893246474
2004-02,1143.36,17.810000000000002,50.913333333333334,27.650862036740236,4.452957365425879,22.45698572737986,3.616523776623241,1.7621052631578948,19,4.084210526315789,19,2.3221052631578942,2.6908521022679848,1.8544185134653464
2004-03,1123.98,18.02,52.0,26.886530384035883,4.626416840157298,21.615000000000002,3.719334498413968,1.465217391304348,23,3.826521739130435,23,2.361304347826087,3.1611994488529502,2.2541171071096198
2004-04,1133.36,18.213333333333335,53.38333333333333,26.900577508444904,4.710183289804946,21.230596315953793,3.717392311321457,1.9028571428571428,21,4.347619047619047,21,2.4447619047619042,2.807326146947803,1.814535168464314
2004-05,1102.78,18.406666666666666,54.76666666666667,25.90281429294377,4.966236843855227,20.135970785149116,3.860584370063649,2.09,20,4.7155000000000005,20,2.6255000000000006,2.876236843855227,1.770584370063649
2004-06,1132.76,18.6,56.15,26.401285366474923,4.956919382746566,20.173820124666072,3.787694372145333,2.146190476190476,21,4.733809523809524,21,2.5876190476190475,2.81072890655609,1.6415038959548567
2004-07,1105.85,18.78666666666667,56.69,25.695888646268568,5.126373377944568,19.506967719174458,3.891673153499656,2.024285714285714,21,4.498095238095239,21,2.473809523809525,3.102087663658854,1.867387439213942
2004-08,1088.94,18.973333333333333,57.23,25.17446222647778,5.255569636527265,19.027433164424256,3.9722794910321007,1.8595454545454546,22,4.281363636363636,22,2.421818181818182,3.3960241819818107,2.1127340364866463
2004-09,1117.66,19.16,57.77,25.6684067763577,5.16883488717499,19.346719750735677,3.895839771874997,1.799047619047619,21,4.1257142857142854,21,2.326666666666666,3.3697872681273706,2.096792152827378
2004-10,1117.21,19.253333333333334,58.03,25.411655665489338,5.194189096051772,19.25228330174048,3.9352020709066364,1.7289999999999999,20,4.0969999999999995,20,2.3679999999999994,3.4651890960517715,2.2062020709066363
2004-11,1168.94,19.346666666666668,58.29,26.465310814818057,4.9865690283504716,20.053868588094012,3.7785311005684283,1.6759999999999997,20,4.194,20,2.5180000000000002,3.310569028350472,2.1025311005684286
2004-12,1199.21,19.44,58.55,27.144808694741243,4.882380900759666,20.481810418445775,3.6839456532759787,1.6686363636363637,22,4.2309090909090905,22,2.5622727272727266,3.2137445371233024,2.0153092896396148
2005-01,1181.41,19.703333333333333,59.10666666666666,26.58725069797039,5.0030613137409246,19.98776223776224,3.7612012289647447,1.7235,20,4.221500000000001,20,2.4980000000000007,3.2795613137409245,2.0377012289647447
2005-02,1199.63,19.96666666666667,59.663333333333334,26.744863128101187,4.973477933473932,20.10665400301693,3.7390357737493396,1.6310526315789473,19,4.165263157894737,19,2.5342105263157895,3.3424253018949845,2.1079831421703923
2005-03,1194.9,20.23,60.22,26.339142131057937,5.039752280525566,19.84224510129525,3.7966308660480053,1.7872727272727273,22,4.497727272727273,22,2.710454545454546,3.252479553252839,2.009358138775278
2005-04,1164.43,20.46333333333333,61.23333333333333,25.40892256911448,5.258653017642394,19.016276537833427,3.935625358690094,1.7057142857142857,21,4.3409523809523805,21,2.635238095238095,3.5529387319281085,2.229911072975808
2005-05,1178.28,20.696666666666665,62.24666666666667,25.65023018718298,5.282841656199432,18.929206383206598,3.898600490921459,1.6533333333333333,21,4.144285714285714,21,2.490952380952381,3.6295083228660987,2.245267157588126
2005-06,1202.25,20.93,63.26,26.068394871884003,5.261800790185069,19.004900411002215,3.836062806761253,1.6745454545454548,22,3.998181818181818,22,2.3236363636363633,3.5872553356396146,2.161517352215798
2005-07,1222.24,21.11,64.33,26.287871091254754,5.263287079460662,18.999533654593503,3.8040356958866566,1.8765,20,4.1775,20,2.301,3.386787079460662,1.9275356958866565
2005-08,1224.27,21.29,65.39999999999999,26.10438141093616,5.34195888161925,18.719724770642205,3.830774551819337,1.8891304347826088,23,4.262608695652174,23,2.3734782608695655,3.452828446836641,1.941644117036728
2005-09,1225.92,21.47,66.47,25.730122990164478,5.422050378491255,18.44320746201294,3.8864952195613567,1.6990476190476191,21,4.199047619047619,21,2.4999999999999996,3.7230027594436357,2.1874476005137375
2005-10,1191.96,21.72,67.58999999999999,24.876538723647965,5.6704922983992745,17.63515312916112,4.019851841564224,1.9425000000000001,20,4.4635,20,2.521,3.7279922983992746,2.077351841564224
2005-11,1237.37,21.97,68.71,25.931783309069022,5.552906567962695,18.008586814146412,3.8562716188140977,2.0635,20,4.535,20,2.4715000000000003,3.489406567962695,1.7927716188140979
2005-12,1262.07,22.22,69.83,26.443803114292404,5.532973606852235,18.073464127165973,3.7816043164363067,2.1233333333333335,21,4.467142857142857,21,2.3438095238095236,3.4096402735189018,1.6582709831029732
2006-01,1278.73,22.406666666666666,70.77666666666666,26.468702626685722,5.534918760541057,18.06711251354025,3.7780469035599835,2.006,20,4.416,20,2.4100000000000006,3.5289187605410572,1.7720469035599837
2006-02,1276.65,22.593333333333334,71.72333333333334,26.2496247635833,5.618089008994896,17.799646790909513,3.8095782663808695,2.0489473684210524,19,4.568947368421052,19,2.52,3.5691416405738434,1.760630897959817
2006-03,1293.74,22.78,72.67,26.327837778667686,5.617048247715925,17.802944819045,3.798261020926895,2.197391304347826,23,4.7239130434782615,23,2.5265217391304353,3.4196569433680986,1.6008697165790688
2006-04,1302.17,23.0,73.27666666666666,26.14728094387453,5.627273448679255,17.770595460128284,3.8244894455622847,2.4089473684210527,19,4.990526315789474,19,2.581578947368421,3.2183260802582025,1.415542077141232
2006-05,1290.01,23.22,73.88333333333333,25.65064070875734,5.727345782849228,17.460094743965712,3.898538096393794,2.445909090909091,22,5.11,22,2.6640909090909095,3.281436691940137,1.4526290054847033
2006-06,1253.17,23.44,74.49,24.749582241646372,5.944125697231819,16.82333199087126,4.040472240041652,2.5295454545454543,22,5.106363636363636,22,2.576818181818182,3.4145802426863643,1.5109267854961974
2006-07,1260.24,23.66,75.85,24.696786766853304,6.018694851774264,16.614897824653923,4.049109746301677,2.507,20,5.0875,20,2.5805000000000002,3.5116948517742643,1.5421097463016769
2006-08,1287.15,23.88,77.21,25.051393562010965,5.998523870566755,16.6707680352286,3.991793899707216,2.2908695652173914,23,4.8765217391304345,23,2.585652173913043,3.707654305349364,1.7009243344898248
2006-09,1317.74,24.1,78.57,25.64415644079739,5.96248121784267,16.771541300750926,3.899523863491552,2.3195,20,4.718999999999999,20,2.3994999999999993,3.6429812178426695,1.5800238634915518
2006-10,1363.38,24.36,79.55,26.53804028210172,5.834763602223885,17.138654934003775,3.7681757558957307,2.4114285714285715,21,4.729047619047619,21,2.3176190476190475,3.423335030795313,1.3567471844671593
2006-11,1388.64,24.619999999999997,80.53,26.928020270856493,5.799199216499597,17.243760089407676,3.7136038592568736,2.291904761904762,21,4.595238095238095,21,2.303333333333333,3.5072944545948346,1.4216990973521115
2006-12,1416.42,24.88,81.51,27.28268978757168,5.7546490447748555,17.377254324622747,3.665327750988609,2.2504999999999997,20,4.5645,20,2.314,3.504149044774856,1.4148277509886094
2007-01,1424.16,25.083333333333332,82.05666666666667,27.207536656807132,5.761758978391941,17.35581102490149,3.6754521830252025,2.4366666666666665,21,4.7595238095238095,21,2.322857142857143,3.3250923117252746,1.238785516358536
2007-02,1444.8,25.286666666666665,82.60333333333334,27.3151814135166,5.717284976005907,17.490819579516565,3.660967814422648,2.360526315789474,19,4.722631578947369,19,2.362105263157895,3.3567586602164328,1.300441498633174
2007-03,1406.95,25.49,83.15,26.22760555465089,5.909947048580262,16.92062537582682,3.8127765720598616,2.1768181818181818,22,4.5645454545454545,22,2.3877272727272727,3.7331288667620806,1.6359583902416799
2007-04,1463.64,25.71666666666667,83.74000000000001,26.976268314189085,5.72135224508759,17.478385478863146,3.706961942820001,2.255714285714286,21,4.6938095238095245,21,2.4380952380952388,3.465637959373304,1.4512476571057151
2007-05,1511.14,25.943333333333335,84.33000000000001,27.548490451851254,5.580555077623517,17.919364401755008,3.6299629620279252,2.3736363636363635,22,4.746363636363636,22,2.3727272727272726,3.2069187139871533,1.2563265983915617
2007-06,1514.19,26.17,84.92,27.418262740410597,5.608279013862197,17.83078191238813,3.6472040897257254,2.690952380952381,21,5.102857142857142,21,2.4119047619047613,2.917326632909816,0.9562517087733444
2007-07,1520.71,26.440000000000005,82.81333333333333,27.410088167204314,5.445701898016935,18.363105780067624,3.648291803732621,2.6366666666666667,21,5.0042857142857144,21,2.3676190476190477,2.8090352313502684,1.0116251370659541
2007-08,1454.62,26.71,80.70666666666666,26.148607189312315,5.548298983010454,18.023542045266808,3.8242954692008553,2.4382608695652173,23,4.674782608695652,23,2.2365217391304344,3.110038113445237,1.386034599635638
2007-09,1497.12,26.98,78.6,26.725743047696913,5.250080153895479,19.04732824427481,3.741710747631299,2.2573684210526315,19,4.521578947368421,19,2.2642105263157895,2.9927117328428476,1.4843423265786675
2007-10,1539.66,27.230000000000004,74.46000000000001,27.320648130462004,4.836132652663576,20.67767929089444,3.660235274158884,2.2022727272727276,22,4.527727272727272,22,2.3254545454545448,2.633859925390848,1.4579625468861566
2007-11,1463.39,27.480000000000004,70.32000000000001,25.729053579498377,4.805280888894964,20.810437997724687,3.8866567590998673,1.768,20,4.1485,20,2.3805000000000005,3.037280888894964,2.118656759099867
2007-12,1479.22,27.73,66.18,25.955510105240222,4.473979529752167,22.35146569960713,3.8527464725037612,1.7890000000000001,20,4.0975,20,2.3085,2.6849795297521672,2.063746472503761
2008-01,1378.76,27.92,64.25,24.022317760836813,4.659984333749166,21.45929961089494,4.162795655089883,1.4690476190476192,21,3.744285714285714,21,2.275238095238095,3.1909367147015466,2.6937480360422636
2008-02,1354.87,28.11,62.32,23.495263401811773,4.599703292566815,21.74053273427471,4.256177012779894,1.405,20,3.7375,20,2.3324999999999996,3.194703292566815,2.8511770127798934
2008-03,1316.94,28.3,60.39,22.60681084224933,4.585630324843956,21.807252856433184,4.42344569067267,1.091,20,3.5100000000000002,20,2.4190000000000005,3.494630324843956,3.33244569067267
2008-04,1370.47,28.436666666666667,57.383333333333326,23.356040643201606,4.18712801690904,23.88271855939588,4.281547610215674,1.3622727272727273,22,3.675,22,2.3127272727272725,2.8248552896363126,2.919274882942947
2008-05,1403.22,28.573333333333334,54.376666666666665,23.69643211662317,3.8751348089869486,25.805553852755473,4.220044583414289,1.46,21,3.8800000000000003,21,2.4200000000000004,2.4151348089869487,2.760044583414289
2008-06,1341.25,28.71,51.37,22.41681280228193,3.830009319664492,26.109597041074558,4.460937461627928,1.6285714285714288,21,4.099523809523809,21,2.4709523809523803,2.2014378910930636,2.8323660330564993
2008-07,1257.33,28.756666666666668,49.56333333333333,20.907206462661573,3.9419510656178836,25.36814849687269,4.783039770453847,1.5690909090909089,22,4.007727272727273,22,2.438636363636364,2.3728601565269747,3.213948861362938
2008-08,1281.47,28.803333333333335,47.75666666666667,21.40161736004792,3.726709690173525,26.833321700286174,4.672544056725258,1.6761904761904762,21,3.8857142857142852,21,2.209523809523809,2.0505192139830486,2.996353580534781
2008-09,1216.95,28.85,45.95,20.36273394609751,3.7758330251859156,26.48422198041349,4.910931914383966,1.85,21,3.6861904761904762,21,1.8361904761904762,1.9258330251859155,3.0609319143839655
2008-10,968.8,28.696666666666665,35.593333333333334,16.38735654878983,3.673960913845307,27.218580258475367,6.102265469251951,2.752272727272727,22,3.814090909090909,22,1.061818181818182,0.9216881865725801,3.349992741979224
2008-11,883.04,28.543333333333333,25.236666666666668,15.259659405704573,2.857930180588271,34.990357944789324,6.553226211760443,2.8883333333333336,18,3.526666666666667,18,0.6383333333333332,-0.030403152745062556,3.6648928784271098
2008-12,877.56,28.39,14.88,15.376080747423764,1.6956105565431425,58.9758064516129,6.503607885693162,2.17,22,2.4163636363636365,22,0.24636363636363656,-0.4743894434568574,4.333607885693162
2009-01,865.58,28.013333333333335,12.206666666666667,15.17465193687967,1.4102297496091254,70.91043145821955,6.589936982802571,1.9120000000000001,20,2.5175,20,0.6054999999999999,-0.5017702503908748,4.677936982802571
2009-02,805.23,27.63666666666667,9.533333333333333,14.122181801918899,1.183926745567519,84.46468531468531,7.081058819566547,1.7521052631578946,19,2.87,19,1.1178947368421055,-0.5681785175903755,5.328953556408652
2009-03,757.13,27.26,6.86,13.323667656863933,0.9060531216567829,110.36880466472303,7.50544088725323,1.7090909090909092,22,2.819545454545455,22,1.1104545454545456,-0.8030377874341263,5.796349978162321
2009-04,848.15,26.703333333333333,7.076666666666666,14.981866453039249,0.8343649904694531,119.85162505887895,6.674735775642548,1.5676190476190477,21,2.927142857142857,21,1.3595238095238094,-0.7332540571495946,5.1071167280235
2009-05,902.41,26.14666666666667,7.293333333333333,15.996355755263156,0.8082061738382036,123.73080438756855,6.251423857405633,1.7169999999999999,20,3.293,20,1.5760000000000003,-0.9087938261617963,4.534423857405633
2009-06,926.12,25.59,7.51,16.384182816215347,0.8109100332570294,123.31824234354195,6.103447521412571,1.8622727272727273,22,3.7218181818181817,22,1.8595454545454544,-1.051362694015698,4.241174794139844
2009-07,935.82,25.026666666666664,9.186666666666667,16.694620816995617,0.9816702642246016,101.86719883889695,5.9899533566043655,1.8227272727272728,22,3.5622727272727275,22,1.7395454545454547,-0.8410570085026712,4.167226083877093
2009-08,1009.73,24.46333333333333,10.863333333333333,18.094069801576083,1.0758651652752056,92.94845044492176,5.526672611337528,1.7738095238095237,21,3.587142857142857,21,1.8133333333333335,-0.6979443585343181,3.752863087528004
2009-09,1044.55,23.9,12.54,18.83190226484008,1.2005169690297257,83.29744816586923,5.310138009090247,1.6419047619047618,21,3.401904761904762,21,1.7600000000000002,-0.44138779287503604,3.6682332471854853
2009-10,1067.66,23.403333333333332,25.349999999999998,19.358008443486842,2.374351385272465,42.11676528599606,5.16582066238564,1.4833333333333332,21,3.3876190476190478,21,1.9042857142857146,0.8910180519391317,3.6824873290523064
2009-11,1088.07,22.906666666666666,38.16,19.81276107996606,3.507127298795114,28.513364779874216,5.047252101632435,1.2752631578947369,19,3.4026315789473687,19,2.1273684210526316,2.2318641409003774,3.771988943737698
2009-12,1110.38,22.41,50.97,20.32237650021655,4.590320430843494,21.784971551893275,4.920684350028376,1.3645454545454545,22,3.5900000000000003,22,2.2254545454545456,3.22577497629804,3.5561388954829214
2010-01,1123.58,22.24,54.28999999999999,20.527859801454422,4.8318766798981825,20.695892429545037,4.871428437606286,1.3747368421052633,19,3.7331578947368427,19,2.3584210526315794,3.4571398377929192,3.496691595501023
2010-02,1089.16,22.07,57.61,19.920539306600443,5.289397333725072,18.90574553028988,5.0199444131949855,1.4189473684210527,19,3.691052631578947,19,2.2721052631578944,3.8704499653040187,3.6009970447739326
2010-03,1152.05,21.9,60.93,21.00460120971536,5.28883294995877,18.907763006729034,4.76086163224782,1.5082608695652173,23,3.7273913043478264,23,2.219130434782609,3.7805720803935525,3.2526007626826026
2010-04,1197.32,21.946666666666665,62.986666666666665,21.80484559962516,5.260637646298957,19.009102455546145,4.586136578821685,1.500909090909091,22,3.8468181818181817,22,2.3459090909090907,3.7597285553898656,3.0852274879125936
2010-05,1125.06,21.993333333333332,65.04333333333332,20.480068638423408,5.781321292494029,17.297083995285195,4.882796135379465,1.307,20,3.4200000000000004,20,2.1130000000000004,4.474321292494029,3.575796135379465
2010-06,1083.36,22.04,67.1,19.742039853739453,6.193693693693693,16.145454545454545,5.065332698184095,1.2568181818181818,22,3.2040909090909087,22,1.9472727272727268,4.936875511875511,3.8085145163659133
2010-07,1079.8,22.143333333333334,68.68666666666667,19.668660470717708,6.361054516268445,15.72066388430554,5.084230324117797,1.2409523809523808,21,3.0114285714285716,21,1.7704761904761908,5.120102135316064,3.8432779431654165
2010-08,1087.28,22.246666666666666,70.27333333333333,19.770299174358577,6.463223211438942,15.472156341903046,5.058092400022792,1.0218181818181817,22,2.6986363636363637,22,1.676818181818182,5.441405029620761,4.0362742182046105
2010-09,1122.08,22.35,71.86,20.381395233204035,6.404177955226009,15.614806568327301,4.906435445454026,0.909047619047619,21,2.6476190476190475,21,1.7385714285714284,5.4951303361783905,3.9973878264064067
2010-10,1171.58,22.476666666666667,73.69,21.240127651759426,6.289796684818792,15.89876509702809,4.708069633080407,0.525,20,2.54,20,2.015,5.7647966848187915,4.1830696330804065
2010-11,1198.89,22.603333333333335,75.52,21.70072382776062,6.29916005638549,15.875132415254239,4.608141221173238,0.666,20,2.763,20,2.097,5.633160056385489,3.942141221173238
2010-12,1241.53,22.73,77.35,22.396379773044213,6.230215943231335,16.050808015513898,4.465007336603471,1.044090909090909,22,3.290909090909091,22,2.246818181818182,5.186125034140426,3.4209164275125623
2011-01,1282.62,22.963333333333335,78.67,22.97829943055498,6.133539162027725,16.30380068641159,4.351932148078234,1.0605,20,3.3939999999999997,20,2.3335,5.073039162027725,3.2914321480782336
2011-02,1321.12,23.196666666666665,79.99000000000001,23.489828703298524,6.054711154172218,16.516064508063504,4.257161738516963,1.2378947368421052,19,3.5763157894736843,19,2.3384210526315794,4.816816417330113,3.0192670016748577
2011-03,1304.49,23.43,81.31,22.89933643014364,6.23308726015531,16.043414094207353,4.366938767202204,0.9639130434782609,23,3.4143478260869564,23,2.4504347826086956,5.269174216677049,3.4030257237239434
2011-04,1331.51,23.733333333333334,82.16333333333334,23.14392944728594,6.17068841640944,16.205647287922428,4.32078745434159,0.8634999999999999,20,3.4549999999999996,20,2.5915,5.30718841640944,3.45728745434159
2011-05,1338.31,24.036666666666665,83.01666666666667,23.05949150609534,6.203096940668953,16.120979722947197,4.336609069352934,0.7785714285714287,21,3.168571428571429,21,2.3900000000000006,5.424525512097524,3.5580376407815058
2011-06,1287.29,24.34,83.87,22.10083128661099,6.515237436785806,15.348634791939906,4.524716681611043,0.7554545454545455,22,3.002272727272727,22,2.2468181818181816,5.75978289133126,3.7692621361564975
2011-07,1325.19,24.619999999999997,84.90666666666667,22.610981701156618,6.407131555978136,15.607608354271358,4.422629734598596,0.6235,20,3.003,20,2.3795,5.783631555978136,3.799129734598596
2011-08,1185.31,24.9,85.94333333333334,20.04985272166049,7.250705160112826,13.791762013729976,4.987567808513967,0.13521739130434782,23,2.3030434782608693,23,2.1678260869565213,7.115487768808478,4.852350417209619
2011-09,1173.88,25.18,86.98,19.698114568877703,7.4096159743755745,13.495976086456658,5.076628001646225,0.07761904761904763,21,1.975238095238095,21,1.8976190476190473,7.331996926756527,4.999008954027177
2011-10,1207.22,25.596666666666664,86.97,20.155824786688743,7.204155000745514,13.880878463838105,4.9613449738877335,0.186,20,2.152,20,1.9660000000000002,7.018155000745514,4.775344973887734
2011-11,1226.42,26.013333333333335,86.96000000000001,20.345246797645814,7.090556253159602,14.103265869365226,4.915152959047476,0.0014999999999999996,20,2.0134999999999996,20,2.0119999999999996,7.089056253159602,4.913652959047476
2011-12,1243.32,26.43,86.95,20.52357549943169,6.9933725830840014,14.299252443933295,4.872445349630675,-0.03142857142857143,21,1.9780952380952381,21,2.0095238095238095,7.024801154512573,4.903873921059247
2012-01,1300.58,26.736666666666668,87.48,21.213008091803445,6.7262298359193595,14.867169638774575,4.714088618041837,-0.10800000000000001,20,1.9665,20,2.0745,6.834229835919359,4.822088618041836
2012-02,1352.49,27.043333333333337,88.01,21.797435963717522,6.507256985264216,15.367458243381433,4.58769555127736,-0.2545,20,1.9675,20,2.222,6.761756985264216,4.84219555127736
2012-03,1389.24,27.35,88.54,22.0539439729047,6.373268837637845,15.69053535125367,4.534336358288531,-0.14136363636363636,22,2.1727272727272724,22,2.3140909090909085,6.514632474001481,4.675699994652168
2012-04,1386.43,27.673333333333332,88.33333333333334,21.779246906824888,6.371279713604967,15.69543396226415,4.591526990249757,-0.2138095238095238,21,2.052857142857143,21,2.2666666666666666,6.585089237414491,4.805336514059281
2012-05,1341.27,27.996666666666666,88.12666666666667,20.941467419743468,6.57038975498346,15.219797261517513,4.775214553767168,-0.34136363636363637,22,1.8031818181818182,22,2.1445454545454545,6.911753391347097,5.116578190130805
2012-06,1323.48,28.32,87.92,20.547504086856083,6.6430924532293645,15.053230209281164,4.866771145404878,-0.5004761904761905,21,1.6223809523809525,21,2.1228571428571428,7.143568643705555,5.367247335881069
2012-07,1359.78,28.743333333333332,87.44666666666667,20.99934129338056,6.430942260267593,15.549820843180603,4.76205413317046,-0.6019047619047619,21,1.5266666666666668,21,2.128571428571429,7.032847022172355,5.363958895075221
2012-08,1403.45,29.166666666666664,86.97333333333333,21.41042845344293,6.197109503960477,16.13655526598191,4.6706211516248,-0.5856521739130435,23,1.6782608695652175,23,2.263913043478261,6.782761677873521,5.256273325537844
2012-09,1443.42,29.59,86.5,21.78369030172768,5.992711754028626,16.68693641618497,4.590590419478601,-0.7131578947368421,19,1.7231578947368422,19,2.436315789473684,6.705869648765468,5.303748314215443
2012-10,1437.82,30.14333333333333,86.50333333333333,21.577109654528783,6.016283911291631,16.621556009402337,4.634541029873812,-0.7485714285714286,21,1.7461904761904763,21,2.494761904761905,6.764855339863059,5.3831124584452406
2012-11,1394.51,30.696666666666665,86.50666666666667,20.898162059573696,6.203373705937332,16.12026048088779,4.7851097964947025,-0.7725,20,1.654,20,2.4265,6.975873705937332,5.557609796494702
2012-12,1422.29,31.25,86.51,21.238261139845612,6.082444508503892,16.44075829383886,4.708483398972225,-0.7575000000000001,20,1.719,20,2.4765,6.839944508503892,5.4659833989722255
2013-01,1480.4,31.536666666666665,86.90666666666667,21.90047541382181,5.870485454381698,17.034366370052165,4.566110922728558,-0.6085714285714287,21,1.9147619047619049,21,2.5233333333333334,6.4790568829531265,5.174682351299986
2013-02,1512.31,31.82333333333333,87.30333333333334,22.052724336861946,5.772846396131305,17.3224771868199,4.534587131842314,-0.5705263157894737,19,1.9842105263157896,19,2.5547368421052634,6.343372711920779,5.105113447631788
2013-03,1550.83,32.11,87.7,22.419207114602578,5.655036335381699,17.68335233751425,4.46046104524659,-0.585,20,1.9575,20,2.5425,6.240036335381699,5.04546104524659
2013-04,1570.7,32.49666666666667,88.78333333333333,22.5956553961056,5.6524691751023965,17.69138351792754,4.42562954014758,-0.6522727272727272,22,1.7590909090909093,22,2.4113636363636366,6.304741902375124,5.077902267420307
2013-05,1639.84,32.88333333333334,89.86666666666667,23.411841781842405,5.4802094513285855,18.24747774480712,4.2713427218510125,-0.35500000000000004,22,1.9281818181818182,22,2.283181818181818,5.835209451328586,4.626342721851013
2013-06,1618.77,33.27,90.95,22.92533317391533,5.618463401224386,17.79846069268829,4.3619867698926615,0.2515,20,2.3,20,2.0484999999999998,5.366963401224386,4.1104867698926615
2013-07,1668.68,33.64666666666667,92.09,23.492460177159643,5.518733370088932,18.12009990226952,4.25668487871799,0.46,22,2.5822727272727275,22,2.1222727272727275,5.058733370088932,3.79668487871799
2013-08,1670.09,34.02333333333333,93.23,23.3566490949161,5.58233388619775,17.913654403089133,4.281436073882978,0.5527272727272727,22,2.7372727272727273,22,2.1845454545454546,5.029606613470477,3.7287088011557055
2013-09,1687.17,34.4,94.37,23.44228716796061,5.593390114807637,17.878245205043974,4.265795367299889,0.6639999999999999,20,2.8095,20,2.1455,4.929390114807637,3.6017953672998893
2013-10,1720.03,34.596666666666664,96.31333333333333,23.83473788763144,5.599514737146058,17.858690385547174,4.195556941781726,0.42863636363636365,22,2.6159090909090907,22,2.187272727272727,5.170878373509694,3.7669205781453625
2013-11,1783.54,34.79333333333334,98.25666666666666,24.64207709241206,5.509081190590996,18.15184720290396,4.0580994704700695,0.5478947368421053,19,2.718421052631579,19,2.1705263157894734,4.9611864537488914,3.510204733627964
2013-12,1807.78,34.99,100.2,24.861869296461936,5.542709843011871,18.041716566866267,4.022223703598622,0.7385714285714285,21,2.901904761904762,21,2.1633333333333336,4.804138414440443,3.283652275027194
2014-01,1822.36,35.403333333333336,100.41666666666666,24.859609093632713,5.510254102738573,18.147983402489626,4.0225893988660095,0.6319047619047619,21,2.858095238095238,21,2.226190476190476,4.878349340833811,3.3906846369612476
2014-02,1817.04,35.81666666666666,100.63333333333333,24.590930877894127,5.538311392888066,18.05604504802915,4.066539835216015,0.5521052631578948,19,2.709473684210526,19,2.1573684210526314,4.986206129730172,3.5144345720581205
2014-03,1863.52,36.23,100.85,24.956039153965385,5.4118013222289,18.478135845314824,4.007046125511088,0.5557142857142857,21,2.723333333333333,21,2.1676190476190476,4.856087036514614,3.451331839796802
2014-04,1864.26,36.61333333333333,101.60666666666667,24.786315396962635,5.4502412038378045,18.34781182337117,4.034484286932547,0.5428571428571429,21,2.705238095238095,21,2.1623809523809525,4.907384060980662,3.4916271440754043
2014-05,1889.77,36.99666666666667,102.36333333333334,24.943274109902582,5.416708558889883,18.461395682047606,4.009096783340868,0.3680952380952381,21,2.559047619047619,21,2.190952380952381,5.048613320794645,3.64100154524563
2014-06,1947.09,37.38,103.12,25.558007623511294,5.296108551736181,18.88178820791311,3.9126680558623868,0.36952380952380953,21,2.5985714285714288,21,2.2290476190476194,4.926584742212371,3.5431442463385774
2014-07,1973.1,37.75,104.06666666666666,25.81754597615874,5.274272295710642,18.959961563100578,3.8733348278858566,0.27954545454545454,22,2.5422727272727275,22,2.2627272727272727,4.994726841165187,3.5937893733404023
2014-08,1961.53,38.120000000000005,105.01333333333334,25.617606421799398,5.353644009183308,18.678866175723716,3.9035653196273885,0.22380952380952382,21,2.42,21,2.196190476190476,5.1298344853737845,3.6797557958178646
2014-09,1993.23,38.49,105.96,25.91843689260619,5.315994641862705,18.811155152887885,3.8582573638353637,0.46095238095238095,21,2.5342857142857143,21,2.0733333333333333,4.8550422609103245,3.3973049828829827
2014-10,1937.27,38.806666666666665,104.74333333333334,25.16274828308325,5.406749360354175,18.495401457531106,3.9741286951246635,0.38409090909090904,22,2.304090909090909,22,1.9200000000000002,5.022658451263267,3.5900377860337542
2014-11,2044.57,39.123333333333335,103.52666666666667,26.606817147143413,5.063493383286788,19.749211153326033,3.758435270441068,0.44555555555555554,18,2.3255555555555554,18,1.88,4.617937827731232,3.3128797148855127
2014-12,2054.27,39.44,102.31,26.794085482572545,4.980357986048572,20.078877920046917,3.7321669390448937,0.5104545454545455,22,2.2072727272727275,22,1.696818181818182,4.4699034405940266,3.221712393590348
2015-01,2028.18,39.89666666666667,101.28999999999999,26.492295420383122,4.994132670670256,20.023496890117485,3.77468235247974,0.2745,20,1.8815000000000002,20,1.6070000000000002,4.719632670670256,3.5001823524797397
2015-02,2082.2,40.35333333333333,100.27000000000001,26.995513699383242,4.815579675343388,20.76593198364416,3.7043192107244347,0.26,19,1.9752631578947368,19,1.7152631578947368,4.555579675343388,3.4443192107244345
2015-03,2079.99,40.81,99.25,26.72860545292847,4.771657556045943,20.957078085642316,3.741310042385458,0.2809090909090909,22,2.0427272727272725,22,1.7618181818181817,4.490748465136852,3.4604009514763674
2015-04,2094.86,41.120000000000005,97.80333333333334,26.791371680192324,4.668728856980101,21.41910636992604,3.7325449847695946,0.07681818181818183,22,1.935,22,1.8581818181818182,4.591910675161919,3.655726802951413
2015-05,2111.94,41.43,96.35666666666667,26.806111379650815,4.5624717873929495,21.917943750648632,3.7304925949055217,0.33199999999999996,20,2.1975000000000002,20,1.8655000000000004,4.23047178739295,3.398492594905522
2015-06,2099.29,41.74,94.91,26.495895292784834,4.521052355796484,22.118744073332632,3.774169504180946,0.4977272727272728,22,2.3636363636363638,22,1.865909090909091,4.023325083069211,3.2764422314536734
2015-07,2094.14,41.99666666666667,93.49333333333334,26.38113633639968,4.464521633383314,22.39881631488876,3.7905872864931838,0.5036363636363637,22,2.3245454545454547,22,1.820909090909091,3.9608852697469503,3.2869509228568203
2015-08,2039.87,42.25333333333333,92.07666666666667,25.69365841705769,4.513849738790544,22.154038301415486,3.8920109537072105,0.5557142857142857,21,2.1671428571428573,21,1.6114285714285717,3.9581354530762582,3.336296667992925
2015-09,1944.41,42.51,90.66,24.496752170486428,4.662596880287594,21.447275534965808,4.082173804267797,0.65,21,2.172857142857143,21,1.5228571428571431,4.012596880287593,3.4321738042677974
2015-10,2024.81,42.803333333333335,89.28333333333333,25.49144104606674,4.409467225731468,22.67847675938025,3.92288532528567,0.5714285714285714,21,2.07,21,1.4985714285714284,3.8380386543028973,3.3514567538570983
2015-11,2080.62,43.096666666666664,87.90666666666667,26.225851890971928,4.225022669524789,23.66851205824359,3.813031523846298,0.6926315789473684,19,2.263157894736842,19,1.5705263157894738,3.532391090577421,3.1203999448989297
2015-12,2054.08,43.39,86.53,25.965424037124166,4.212591525159683,23.738356639315843,3.8512754444920527,0.7277272727272728,22,2.2427272727272727,22,1.515,3.48486425243241,3.1235481717647797
2016-01,1918.6,43.553333333333335,86.5,24.206167203878472,4.508495778171584,22.18034682080925,4.131178602450426,0.6652631578947369,19,2.0852631578947367,19,1.42,3.843232620276847,3.465915444555689
2016-02,1904.42,43.71666666666667,86.47,24.00260677728975,4.5404900179582235,22.024054585405345,4.166214150315364,0.472,20,1.7795,20,1.3075,4.068490017958224,3.694214150315364
2016-03,2021.95,43.88,86.44,25.372298620187905,4.27508098617671,23.391369736233226,3.941306284344032,0.3372727272727273,22,1.8890909090909092,22,1.5518181818181818,3.9378082589039827,3.6040335570713045
2016-04,2075.54,44.07333333333334,86.6,25.92233754367387,4.172408144386521,23.966974595842956,3.857676794444958,0.19047619047619047,21,1.805238095238095,21,1.6147619047619046,3.9819319539103306,3.6672006039687677
2016-05,2065.55,44.266666666666666,86.75999999999999,25.694709923449963,4.20033405146329,23.80763024435224,3.8918516806736245,0.2119047619047619,21,1.8061904761904761,21,1.5942857142857143,3.9884292895585283,3.6799469187688625
2016-06,2083.89,44.46,86.92,25.8403729276705,4.1710454966432975,23.9748044178555,3.8699131889430887,0.1740909090909091,22,1.6440909090909093,22,1.4700000000000002,3.996954587552388,3.6958222798521794
2016-07,2148.9,44.65,87.64333333333333,26.694003256096295,4.078520793584315,24.51869318830107,3.7461597288582897,0.0385,20,1.504,20,1.4655,4.040020793584315,3.7076597288582898
2016-08,2170.95,44.84,88.36666666666667,26.948872433723857,4.070414641823473,24.567521689928324,3.71073039311507,0.0882608695652174,23,1.556521739130435,23,1.4682608695652175,3.9821537722582554,3.6224695235498525
2016-09,2157.69,45.03,89.09,26.727873346478525,4.128952722587582,24.21921652261758,3.7414125210667124,0.11571428571428573,21,1.6304761904761906,21,1.514761904761905,4.013238436873296,3.6256982353524267
2016-10,2143.02,45.25333333333333,90.91,26.525143085070585,4.242144263702626,23.5729842701573,3.770007938478719,0.0975,20,1.7645,20,1.667,4.1446442637026255,3.6725079384787187
2016-11,2164.99,45.47666666666667,92.73,26.85095353105626,4.283160661250168,23.347244688881695,3.724262525140433,0.32,20,2.1420000000000003,20,1.8220000000000003,3.963160661250168,3.404262525140433
2016-12,2246.63,45.7,94.55,27.865098223923525,4.208525658430627,23.761290322580646,3.5887187332483617,0.5561904761904761,21,2.491904761904762,21,1.9357142857142857,3.652335182240151,3.0325282570578853
2017-01,2275.12,45.92666666666667,96.46333333333334,28.063573742124454,4.239922875862959,23.585334669477174,3.563338045214688,0.421,20,2.4325,20,2.0115000000000003,3.818922875862959,3.142338045214688
2017-02,2329.91,46.153333333333336,98.37666666666667,28.65510652518413,4.222337629636624,23.683563175549757,3.4897793840728855,0.39999999999999997,19,2.4189473684210525,19,2.0189473684210526,3.8223376296366243,3.0897793840728855
2017-03,2366.82,46.38,100.29,29.08692174246465,4.237331102491951,23.599760693987438,3.437971225879422,0.4856521739130435,23,2.4817391304347827,23,1.9960869565217392,3.7516789285789076,2.9523190519663784
2017-04,2359.31,46.660000000000004,101.53333333333333,28.904245956275155,4.303518118998069,23.236802363755746,3.459699317230929,0.3910526315789474,19,2.2973684210526315,19,1.9063157894736842,3.912465487419121,3.0686466856519816
2017-05,2395.35,46.94,102.77666666666667,29.31334498027143,4.290674292552933,23.3063600687575,3.4114155196993843,0.4668181818181818,22,2.3036363636363637,22,1.836818181818182,3.8238561107347513,2.9445973378812025
2017-06,2433.99,47.22,104.02,29.748503240632758,4.273641222848081,23.399250144203037,3.3615136597330526,0.4581818181818182,22,2.186818181818182,22,1.7286363636363637,3.815459404666263,2.9033318415512346
2017-07,2454.1,47.53666666666667,105.03999999999999,30.002220744018565,4.280184181573693,23.363480578827115,3.3330866022621555,0.546,20,2.318,20,1.772,3.734184181573693,2.787086602262155
2017-08,2456.22,47.85333333333334,106.06,29.914959397497487,4.318017115730676,23.158778050160283,3.342809150139292,0.43347826086956526,23,2.2091304347826086,23,1.7756521739130433,3.884538854861111,2.909330889269727
2017-09,2492.84,48.17,107.08,30.1681144106789,4.295502318640587,23.280164363093018,3.3147580468138913,0.368,20,2.202,20,1.834,3.927502318640587,2.9467580468138914
2017-10,2557.0,48.42333333333333,108.01333333333334,30.920393290333834,4.224221092426021,23.673003332921862,3.234111515368773,0.49809523809523815,21,2.3600000000000003,21,1.8619047619047622,3.7261258543307827,2.736016277273535
2017-11,2593.61,48.67666666666666,108.94666666666666,31.298913333880275,4.200580143763583,23.80623546689512,3.19499910214942,0.4957142857142857,21,2.3533333333333335,21,1.8576190476190477,3.7048658580492972,2.6992848164351346
2017-12,2664.34,48.93,109.88,32.086132007706,4.124098275745588,24.247724790680746,3.1166112504923746,0.503,20,2.4025,20,1.8994999999999997,3.621098275745588,2.6136112504923745
2018-01,2789.8,49.28666666666666,111.73333333333332,33.30734382803066,4.005066074031591,24.968377088305495,3.002340880627125,0.54,21,2.583809523809524,21,2.0438095238095237,3.465066074031591,2.4623408806271248
2018-02,2705.16,49.64333333333333,113.58666666666666,32.03538233925029,4.19888903675445,23.81582345345698,3.121548509738818,0.7573684210526316,19,2.8589473684210525,19,2.101578947368421,3.441520615701818,2.3641800886861866
2018-03,2702.77,50.0,115.44,31.808409057643114,4.271173647776171,23.41276853776854,3.143822748845447,0.7519047619047619,21,2.8423809523809522,21,2.09047619047619,3.5192688858714085,2.391917986940685
2018-04,2653.63,50.33,117.78666666666666,30.970179293325224,4.4386996931247635,22.529120443740098,3.228912530756716,0.7414285714285714,21,2.869047619047619,21,2.1276190476190475,3.697271121696192,2.4874839593281446
2018-05,2701.49,50.66,120.13333333333333,31.2436150748646,4.446928670227664,22.48743063263041,3.2006539499473514,0.8359090909090909,22,2.977727272727273,22,2.141818181818182,3.6110195793185733,2.3647448590382605
2018-06,2754.35,50.99,122.48,31.6305564964546,4.4467841777551875,22.48816133246244,3.1614998620466506,0.7947619047619048,21,2.9123809523809525,21,2.1176190476190477,3.6520222729932827,2.366737957284746
2018-07,2793.64,51.44,125.11666666666667,31.88636696215898,4.478625258324862,22.32828027174637,3.1361365225042603,0.7747619047619048,21,2.889047619047619,21,2.1142857142857143,3.7038633535629573,2.3613746177423556
2018-08,2857.82,51.89,127.75333333333333,32.39027688030112,4.470307203859352,22.36982727130408,3.087346254234006,0.79,23,2.889130434782609,23,2.0991304347826087,3.6803072038593516,2.297346254234006
2018-09,2901.5,52.34,130.39,32.6228911205002,4.493882474582112,22.252473349183223,3.065332242646026,0.8810526315789474,19,3.004210526315789,19,2.123157894736842,3.612829843003165,2.184279611067079
2018-10,2785.46,52.81,131.05666666666667,31.037961078006507,4.7050277751849485,21.253859653584964,3.2218611186692923,1.040909090909091,22,3.152272727272727,22,2.111363636363636,3.6641186842758575,2.1809520277602013
2018-11,2723.23,53.28,131.72333333333333,30.195583406705246,4.837025639895761,20.673861882227904,3.3117426033170783,1.113,20,3.117,20,2.004,3.724025639895761,2.1987426033170783
2018-12,2567.31,53.75,132.39,28.29185701207287,5.1567594096544624,19.39202356673465,3.5345859395983585,1.016315789473684,19,2.8326315789473684,19,1.8163157894736843,4.140443620180778,2.5182701501246747
2019-01,2607.39,54.14666666666667,133.05666666666664,28.380164463547587,5.103059636903825,19.596086880276577,3.5235877554001944,0.92,21,2.713809523809524,21,1.7938095238095242,4.183059636903825,2.6035877554001945
2019-02,2754.86,54.54333333333334,133.7233333333333,29.541548965131216,4.854088169029762,20.60119151481916,3.385062852257105,0.7994736842105263,19,2.6763157894736844,19,1.876842105263158,4.054614484819235,2.5855891680465786
2019-03,2803.98,54.94,134.39,29.576196014784834,4.792830191370837,20.864498846640377,3.381097418681261,0.6580952380952381,21,2.570952380952381,21,1.9128571428571428,4.134734953275599,2.7230021805860227
2019-04,2903.8,55.319091580592705,134.68333333333334,30.133517171387528,4.638175264595817,21.560202945180052,3.3185638248346367,0.5957142857142858,21,2.532380952380952,21,1.9366666666666665,4.042460978881531,2.722849539120351
2019-05,2854.71,55.69818316118541,134.97666666666666,29.242030936939862,4.728209403640533,21.149655496011658,3.4197351140093164,0.5686363636363636,22,2.395,22,1.8263636363636364,4.15957304000417,2.8510987503729526
2019-06,2890.17,56.07727474177812,135.27,29.28379627530628,4.680347522810077,21.36593479707252,3.4148577957539454,0.374,20,2.074,20,1.6999999999999997,4.306347522810078,3.0408577957539453
2019-07,2996.1136363636365,56.45818316118542,134.48000000000002,29.986685335042534,4.488481290156187,22.279250716564814,3.3348133974360845,0.3063636363636364,22,2.059090909090909,22,1.7527272727272727,4.182117653792551,3.028449761072448
2019-08,2897.498181818182,56.83909158059271,133.69,28.705397371833083,4.613980462141634,21.67326039208753,3.4836654133248164,0.04,22,1.6263636363636365,22,1.5863636363636364,4.573980462141634,3.4436654133248163
2019-09,2982.156,57.22,132.9,29.22952023303529,4.456507305452834,22.439097065462754,3.4211988155378514,0.1125,20,1.6995,20,1.587,4.344007305452834,3.3086988155378516
2019-10,2977.68,57.56,135.09,28.84112288195342,4.5367534456355285,22.042194092827003,3.4672713822308348,0.1459090909090909,22,1.7068181818181818,22,1.5609090909090908,4.390844354726438,3.3213622913217438
2019-11,3104.9044999999996,57.900000000000006,137.28,29.836867659083442,4.421392026711289,22.617311334498833,3.351558251442534,0.17157894736842105,19,1.8121052631578947,19,1.6405263157894736,4.249813079342868,3.179979304074113
2019-12,3176.7495238095235,58.24,139.47,30.33182232224331,4.390336693361618,22.77729636344392,3.296867525386589,0.14476190476190476,21,1.8628571428571428,21,1.7180952380952381,4.245574788599714,3.1521056206246842
2020-01,3278.2028571428577,58.686867862126704,131.75666666666666,30.98522030023071,4.019173687790028,24.88073613334828,3.227345135230664,0.03666666666666667,21,1.7576190476190479,21,1.7209523809523812,3.9825070211233613,3.1906784685639975
2020-02,3277.3142105263164,59.13373572425341,124.04333333333332,30.729689264735768,3.7849081706881176,26.420720263292264,3.254181945625992,-0.11157894736842106,19,1.5042105263157897,19,1.6157894736842107,3.896487118056539,3.3657608929944134
2020-03,2652.3936363636367,59.58060358638012,116.33,24.817168629099438,4.3858497624615564,22.80059861053586,4.029468530215197,-0.11681818181818181,22,0.87,22,0.9868181818181818,4.502667944279739,4.146286712033379
2020-04,2761.975238095238,59.61373572425342,110.63,25.927358825280177,4.0054667570551645,24.96587940066201,3.856929688591965,-0.4457142857142857,21,0.6576190476190477,21,1.1033333333333333,4.45118104276945,4.302643974306251
2020-05,2919.615,59.64686786212671,104.93,27.32848099769847,3.5939670127739447,27.824406747355376,3.659186180469442,-0.4415,20,0.674,20,1.1155,4.035467012773944,4.100686180469442
2020-06,3104.6609090909087,59.68,99.23,28.83831595512285,3.196162251067091,31.287523018148832,3.467608863000752,-0.5445454545454546,22,0.7286363636363636,22,1.2731818181818182,3.7407077056125453,4.012154317546207
2020-07,3207.6190909090906,59.403333333333336,98.89333333333335,29.599194927667014,3.083075967891979,32.43513978942723,3.3784702673290554,-0.8327272727272728,22,0.6236363636363637,22,1.4563636363636365,3.915803240619252,4.211197540056328
2020-08,3391.71,59.126666666666665,98.55666666666667,31.15820896535523,2.905810540012757,34.41380593228938,3.2094270922693235,-1.0114285714285716,21,0.65,21,1.6614285714285715,3.9172391114413285,4.220855663697895
2020-09,3365.5166666666664,58.85,98.22,30.839426043811265,2.918422629512061,34.26508518292269,3.242602500381735,-0.9766666666666668,21,0.6795238095238095,21,1.6561904761904764,3.8950892961787282,4.2192691670484015
2020-10,3418.701363636364,58.659615378670054,96.85666666666667,31.283694032592855,2.8331420725103436,35.296500295657125,3.1965534471669232,-0.9166666666666666,21,0.7871428571428571,21,1.7038095238095239,3.74980873917701,4.11322011383359
2020-11,3548.992500000001,58.469230757340114,95.49333333333334,32.47320409661257,2.6907166846177697,37.164819533649826,3.0794620605495306,-0.8421052631578947,19,0.8700000000000001,19,1.7121052631578948,3.5328219477756644,3.9215673237074253
2020-12,3695.3099999999995,58.27884613601017,94.13,33.765591418117104,2.5472829072527072,39.257516200998616,2.9615948011011137,-0.9822727272727273,22,0.9336363636363636,22,1.915909090909091,3.5295556345254346,3.943867528373841
2021-01,3793.748421052632,58.06369311230766,105.48666666666665,34.512432294106915,2.7805393230950672,35.964245917834475,2.8975065897362224,-1.0005263157894737,19,1.0810526315789473,19,2.081578947368421,3.7810656388845407,3.898032905525696
2021-02,3883.4321052631576,57.84854008860516,116.84333333333332,35.10390717196984,3.008764674293579,33.23623175131793,2.848685746293482,-0.9221052631578948,19,1.2578947368421052,19,2.1799999999999997,3.9308699374514737,3.7707910094513766
2021-03,3910.5082608695648,57.63338706490265,128.2,35.04254511219209,3.278346226316183,30.503184562165096,2.853674003410436,-0.6643478260869565,23,1.6108695652173912,23,2.2752173913043476,3.9426940524031395,3.5180218294973926
2021-04,4141.176190476191,57.71060542140715,138.38666666666666,36.71981410913301,3.341723710884991,29.924676200569834,2.7233253333689356,-0.7145454545454546,22,1.635,22,2.3495454545454546,4.056269165430446,3.43787078791439
2021-05,4167.849500000001,57.787823777911655,148.57333333333332,36.55213398979907,3.5647480393265947,28.052473525980446,2.7358183800679847,-0.8470000000000001,20,1.621,20,2.468,4.411748039326595,3.5828183800679847
2021-06,4238.489545454546,57.86504213441615,158.76,36.696258013088375,3.7456739788413045,26.69746501294121,2.7250734928976468,-0.8236363636363637,22,1.5190909090909093,22,2.3427272727272728,4.569310342477668,3.5487098565340105
2021-07,4363.7128571428575,58.32818900579217,164.31666666666666,37.443383184615385,3.765524269033895,26.556726993465002,2.67069883901644,-1.0090476190476192,21,1.3185714285714287,21,2.3276190476190477,4.774571888081514,3.6797464580640593
2021-08,4454.206363636363,58.79133587716819,169.87333333333333,37.97350061407048,3.8137733069612585,26.220750933850887,2.633415365528523,-1.0654545454545454,22,1.2831818181818182,22,2.3486363636363636,4.879227852415804,3.6988699109830683
2021-09,4445.543333333333,59.254482748544206,175.43,37.6203466866512,3.9461993022225257,25.340838701096352,2.6581360568769803,-0.9695238095238095,21,1.3747619047619049,21,2.3442857142857143,4.915723111746335,3.6276598664007897
2021-10,4460.707142857143,59.63536092649366,182.91,37.25302500032531,4.100470937503503,24.387442692346742,2.684345767870576,-0.9525,20,1.5825,20,2.535,5.052970937503503,3.636845767870576
2021-11,4667.386666666667,60.01623910444312,190.39,38.5826274977192,4.079156358733224,24.514872980023465,2.591840071180001,-1.0565,20,1.5595,20,2.616,5.135656358733224,3.6483400711800007
2021-12,4674.772727272726,60.397117282392585,197.87,38.30484987346744,4.2327191404540825,23.625474944522797,2.6106354764561246,-0.9931818181818183,22,1.4649999999999999,22,2.458181818181818,5.225900958635901,3.6038172946379428
2022-01,4573.8155,60.921402962953294,197.88333333333333,36.936758070297444,4.326438907151662,23.113697464836182,2.707330183382137,-0.6855,20,1.764,20,2.4495,5.011938907151662,3.392830183382137
2022-02,4435.980526315789,61.44568864351402,197.89666666666665,35.28714922569486,4.461170771437665,22.415640450314754,2.833892853185871,-0.5236842105263158,19,1.9342105263157894,19,2.457894736842105,4.984854981963981,3.3575770637121867
2022-03,4391.265217391306,61.969974324074734,197.91,34.270798693291724,4.506901546647444,22.18819270067862,2.9179360800708247,-0.7186956521739131,23,2.1278260869565218,23,2.8465217391304347,5.225597198821357,3.6366317322447377
2022-04,4391.295999999999,62.65331621604982,196.02666666666664,33.88916475591384,4.463982083345479,22.401523602230988,2.950795651655872,-0.1365,20,2.7475,20,2.884,4.6004820833454785,3.087295651655872
2022-05,4040.3599999999997,63.336658108024906,194.14333333333332,30.67315507954513,4.805099875588644,20.811221949418815,3.260179780680161,0.20952380952380953,21,2.8980952380952383,21,2.6885714285714286,4.595576066064834,3.0506559711563512
2022-06,3898.9466666666676,64.02,192.26,29.04772139510384,4.931075401561446,20.279551995561572,3.442610820993883,0.5257142857142857,21,3.1433333333333335,21,2.6176190476190477,4.40536111584716,2.916896535279597
2022-07,3911.729499999999,64.4527684478357,190.58333333333331,29.004618317208934,4.872098986735493,20.52503454306952,3.4477268035852173,0.534,20,2.896,20,2.362,4.338098986735493,2.9137268035852175
2022-08,4158.5630434782615,64.8855368956714,188.90666666666664,30.698763365175296,4.542594754284723,22.013850103110506,3.2574602048446057,0.3895652173913044,23,2.8978260869565218,23,2.5082608695652175,4.153029536893419,2.8678949874533015
2022-09,3850.520476190475,65.31830534350709,187.23,28.229884655821973,4.862459533918297,20.565723848691317,3.542345327272762,1.1366666666666667,21,3.5190476190476194,21,2.3823809523809527,3.7257928672516307,2.405678660606095
2022-10,3726.050952380952,65.85220356233806,182.40333333333334,27.0807669254007,4.895352631095324,20.42753761287779,3.6926576073517294,1.59,20,3.9835000000000003,20,2.3935000000000004,3.3053526310953245,2.1026576073517296
2022-11,3917.488571428571,66.38610178116903,177.57666666666665,28.378949016273317,4.5329211158849825,22.060829527688913,3.523738667794113,1.52,20,3.8909999999999996,20,2.3709999999999996,3.0129211158849825,2.003738667794113
2022-12,3912.380952380953,66.92,172.75,28.316901284527294,4.415469814995131,22.647646612914347,3.5314598513164728,1.3566666666666667,21,3.616190476190476,21,2.2595238095238095,3.0588031483284643,2.174793184649806
2023-01,3960.6565,67.35,173.55666666666667,28.334813423755698,4.3820176444654235,22.820537960704478,3.52922740321137,1.2945,20,3.5315,20,2.237,3.0875176444654233,2.2347274032113704
2023-02,4079.684736842105,67.78,174.36333333333332,28.91976294386663,4.273941360191962,23.397606932891694,3.4578430049409596,1.4131578947368422,19,3.7468421052631578,19,2.3336842105263154,2.8607834654551203,2.0446851102041173
2023-03,3968.5591304347827,68.21,175.17,27.93813125399789,4.413944563824829,22.655472571985975,3.5793374685964436,1.3608695652173914,23,3.6630434782608696,23,2.302173913043478,3.053074998607438,2.218467903379052
2023-04,4121.467368421053,68.37666666666667,177.11666666666665,28.764841267615374,4.297417663032975,23.269788473253335,3.476466255093994,1.1935,20,3.46,20,2.2664999999999997,3.1039176630329743,2.282966255093994
2023-05,4146.1731818181825,68.54333333333332,179.06333333333333,28.762051343131226,4.31876155387244,23.154786100736327,3.47680347298599,1.36,22,3.5736363636363637,22,2.213636363636364,2.9587615538724394,2.11680347298599
2023-06,4345.372857142857,68.71,181.01,29.940031645987492,4.165580398985982,24.006258533466976,3.3400098297291483,1.5476190476190477,21,3.7480952380952384,21,2.2004761904761905,2.617961351366935,1.7923907821101006
2023-07,4508.075500000001,68.91104536354072,182.09,30.891659813659924,4.03919588303257,24.757402932615744,3.2371196822445,1.6030000000000002,20,3.8994999999999997,20,2.2964999999999995,2.43619588303257,1.6341196822444997
2023-08,4457.358695652174,69.11209072708144,183.17,30.304748245365204,4.10938433513706,24.33454548043989,3.299812926685308,1.8326086956521739,23,4.167826086956522,23,2.335217391304348,2.276775639484886,1.467204231033134
2023-09,4409.094999999999,69.31313609062215,184.25,29.799681861350237,4.17886210208671,23.9299592944369,3.3557405231798323,2.037,20,4.379,20,2.3419999999999996,2.1418621020867104,1.3187405231798324
2023-10,4269.4009090909085,69.64332137499402,186.97666666666666,28.76905495498398,4.379459100890104,22.83387005022503,3.475957071112477,2.4119047619047618,21,4.798095238095239,21,2.386190476190477,1.9675543389853423,1.0640523092077152
2023-11,4460.063333333332,69.97350665936588,189.70333333333332,30.01322481738148,4.2533775678820716,23.510727275922047,3.3318645566566127,2.198571428571429,21,4.502857142857143,21,2.304285714285714,2.0548061393106427,1.133293128085184
2023-12,4685.0515000000005,70.30369194373775,192.42999999999998,31.452310923844568,4.107318777605752,24.34678324585564,3.179416617180526,1.8355000000000001,20,4.0200000000000005,20,2.1845000000000003,2.2718187776057515,1.343916617180526
2024-01,4815.6139130434785,70.47740320664859,192.08333333333331,32.04512301259602,3.988761075987843,25.07044119588796,3.120599660693855,1.7919047619047621,21,4.058095238095238,21,2.2661904761904763,2.196856314083081,1.328694898789093
2024-02,5011.9615,70.65111446955943,191.73666666666665,33.03719268559904,3.8255813949621644,26.139817631821426,3.0268915688950213,1.925,20,4.2075000000000005,20,2.2825000000000006,1.9005813949621644,1.1018915688950213
2024-03,5170.572499999999,70.82482573247027,191.39,33.754920176406,3.7015243476423554,27.015896859815037,2.9625310762813757,1.8969999999999998,20,4.2085,20,2.3115,1.8045243476423556,1.0655310762813759
2024-04,5112.492727272728,71.20848368988366,193.17999999999998,33.141593030769805,3.7785872822757502,26.464917316868874,3.017356465247658,2.145,22,4.539090909090909,22,2.394090909090909,1.6335872822757502,0.8723564652476581
2024-05,5235.225454545454,71.59214164729707,194.96999999999997,33.77363454011196,3.7241949118106916,26.851441014235295,2.9608895033560247,2.148181818181818,22,4.482272727272727,22,2.3340909090909094,1.5760130936288737,0.8127076851742068
2024-06,5415.140526315788,71.97579960471046,196.76,34.81054878004298,3.6335160471609487,27.521551770257105,2.8726924310176454,2.05,19,4.3052631578947365,19,2.2552631578947366,1.5835160471609488,0.8226924310176456
2024-07,5538.004545454546,72.45053306980697,197.93,35.44355307890724,3.5740310137964033,27.97961170845524,2.821387567363015,1.9740909090909091,22,4.248636363636364,22,2.274545454545455,1.5999401047054942,0.8472966582721058
2024-08,5478.214545454546,72.92526653490349,199.10000000000002,34.91963134861477,3.6343958117741084,27.51488973106251,2.863718663054182,1.760909090909091,22,3.8709090909090906,22,2.1099999999999994,1.8734867208650174,1.1028095721450912
2024-09,5621.2604999999985,73.4,200.27,35.66018363515212,3.562724054506993,28.068410146302483,2.804248038179611,1.616,20,3.7235,20,2.1075,1.9467240545069928,1.1882480381796108
2024-10,5792.31956521739,73.87741819658692,203.57,36.587210527930154,3.5144815079338576,28.453699293694505,2.73319552261743,1.8095454545454546,22,4.095454545454545,22,2.2859090909090902,1.704936053388403,0.9236500680719755
2024-11,5929.916,74.35483639317383,206.87,37.350195655078785,3.4885823003226353,28.664939333881183,2.6773621461980817,2.034736842105263,19,4.35578947368421,19,2.321052631578947,1.4538454582173723,0.6426253040928187
2024-12,6010.908571428571,74.83225458976072,210.17,37.71119169643463,3.496476406229056,28.60022158932565,2.651732695295715,2.0880952380952382,21,4.3914285714285715,21,2.3033333333333332,1.4083811681338179,0.563637457200477
2025-01,5979.5155,75.2699367248546,212.3433333333333,37.1292198521989,3.5511795785684193,28.159657315981985,2.693296557214835,2.2285714285714286,21,4.629047619047618,21,2.4004761904761898,1.3226081499969906,0.4647251286434062
2025-02,6038.69,75.70761885994848,214.51666666666665,37.187175593696885,3.5523709060519195,28.150213658612383,2.689099088690933,2.026842105263158,19,4.451052631578947,19,2.424210526315789,1.5255288007887615,0.662256983427775
2025-03,5683.983333333333,76.14530099504236,216.69,34.78475033985074,3.812291262876094,26.23094435983817,2.874822990620582,1.946190476190476,21,4.2804761904761905,21,2.3342857142857145,1.8661007866856179,0.928632514430106
2025-04,5369.495714285715,76.54686733002825,218.63666666666666,32.621270341113515,4.071828683743555,24.558990018229856,3.0654845428863373,2.038095238095238,21,4.279047619047619,21,2.240952380952381,2.033733445648317,1.0273893047910994
2025-05,5810.919523809524,76.94843366501412,220.58333333333331,35.07669704372761,3.7960142526414344,26.343420583949488,2.850895563950538,2.1104761904761906,21,4.423809523809524,21,2.3133333333333335,1.6855380621652438,0.7404193734743472
2025-06,6029.951499999999,77.35,222.53,36.1110921336969,3.690411108613395,27.097252055902572,2.7692322245409313,2.0865,20,4.3835,20,2.2969999999999997,1.6039111086133948,0.6827322245409313
2025-07,6296.498181818183,77.72666666666666,226.76999999999998,37.47424619164657,3.60152569653435,27.76601041503807,2.668499307193299,2.0081818181818183,22,4.391818181818182,22,2.3836363636363633,1.5933438783525316,0.6603174890114807
2025-08,6408.949523809522,78.10333333333332,231.01,37.846145044881766,3.6044908630000587,27.743169229944687,2.6422770372361555,1.8828571428571428,21,4.2647619047619045,21,2.381904761904762,1.721633720142916,0.7594198943790127
2025-09,6584.018095238095,78.48,235.25,38.580387325388436,3.5730460730377556,27.987324528110925,2.591990566517548,1.749047619047619,21,4.12047619047619,21,2.3714285714285714,1.8239984539901366,0.842942947469929
2025-10,6735.691739130435,78.82666666666667,237.04466666666667,39.20569217112649,3.5192327061165165,28.415284907473563,2.5506500322329777,1.7568181818181818,22,4.0618181818181816,22,2.3049999999999997,1.7624145242983347,0.7938318504147959
2025-11,6740.885789473684,79.17333333333333,238.83933333333334,39.14956659041541,3.543144636959967,28.223516183014315,2.554306693767639,1.8277777777777777,18,4.0938888888888885,18,2.266111111111111,1.7153668591821891,0.7265289159898611
2025-12,6853.025454545453,79.52,240.634,39.581640993242566,3.511354241948613,28.479040595034174,2.5264238038304714,1.8990909090909092,22,4.1431818181818185,22,2.244090909090909,1.6122633328577038,0.6273328947395622
2026-01,6929.122,79.80176666666667,247.66366666666664,39.64081842859692,3.5742431244054678,27.977951280701923,2.5226522550265993,1.907,20,4.2135,20,2.3064999999999998,1.6672431244054677,0.6156522550265993
2026-02,6893.806315789475,80.08353333333334,254.69333333333333,39.01399720511148,3.69452406502903,27.06708583835256,2.5631826309481136,1.8247368421052632,19,4.12578947368421,19,2.301052631578947,1.8697872229237669,0.7384457888428504
2026-03,6654.419090909089,80.3653,261.723,37.03161144602039,3.9330705869961204,25.425427229968665,2.700395583534524,1.9090909090909092,22,4.245909090909091,22,2.336818181818182,2.0239796779052113,0.791304674443615
2026-04,6957.0076190476175,80.81126666666667,272.9447,38.138278103575864,3.9233060382556384,25.488707489273896,2.622037621321555,1.9368181818181818,22,4.319090909090909,22,2.3822727272727278,1.9864878564374566,0.685219439503373
2026-05,7412.5515,81.25723333333333,284.1664,40.101359313729596,3.8335841578975876,26.085249698768042,2.4936810549901427,2.039,20,4.484,20,2.445,1.7945841578975874,0.45468105499014255
2026-06,7450.032857142856,81.7032,295.3881,40.150169734732664,3.9649234528783484,25.221167870820985,2.490649495648162,2.179047619047619,21,4.47047619047619,21,2.291428571428571,1.7858758338307292,0.31160187660054284
2026-07,7481.33909090909,,,40.00863615205683,,,2.4994603570074214,2.3531818181818185,22,4.599545454545455,22,2.246363636363636,,0.14627853882560293
2026-08,7711.323333333334,,,41.11984417915712,,,2.431915830330119,2.3971428571428572,21,4.684285714285714,21,2.287142857142857,,0.03477297318726169
2026-09,7631.47,,,40.575838200376445,,,2.464520868457925,2.4383333333333335,6,4.793333333333333,6,2.3549999999999995,,0.026187535124591488
